"Current Assigned Rank","Preference","Start Date","Duration","Grade","Region","Sub-Region","Area(Sector)","Dual Training Programme","Places Available","Description","Programme Name","Programme Number","Tags"
"X","East Midlands - North - ACCS 1","04/08/2021 00:00:00","36","Core Training Year 1","Health Education England East Midlands","Health Education England East Midlands - North","-","","1","East Midlands North ACCS Anaesthetics. Rotation M21. Aug 21 - Emer Med Lincoln County; Feb 22 - Acute Med Kings Mill; Aug 22 - Anaes Nottingham City; Feb 23 - ICM Nottingham City. All posts indicative, subject to change","","",""
"X","East Midlands - North - ACCS 2","04/08/2021 00:00:00","36","Core Training Year 1","Health Education England East Midlands","Health Education England East Midlands - North","-","","1","East Midlands North ACCS Anaesthetics. Rotation N21. Aug 21 - Acute Med Kings Mill; Feb 22 - Emer Med Derby; Aug 22 - Anaes Derby; Feb 23 - ICM Derby.  All posts indicative, subject to change","","",""
"X","East Midlands - North - ACCS 3","04/08/2021 00:00:00","36","Core Training Year 1","Health Education England East Midlands","Health Education England East Midlands - North","-","","1","East Midlands North ACCS Anaesthetics. Rotation P21. Aug 21 - Emer Med Kings Mill; Feb 22 - Acute Med Kings Mill; Aug 22 - Anaes QMC; Feb 23 - ICM QMC. All posts indicative, subject to change","","",""
"X","East Midlands - North - Core 1","04/08/2021 00:00:00","24","Core Training Year 1","Health Education England East Midlands","Health Education England East Midlands - North","-","","3","East Midlands North rotation commencing at Queens Medical Centre (6 months) - indicative, subject to change","","",""
"X","East Midlands - North - Core 2","04/08/2021 00:00:00","24","Core Training Year 1","Health Education England East Midlands","Health Education England East Midlands - North","-","","3","East Midlands North rotation commencing at Nottingham City Hospital (6 months) - indicative, subject to change","","",""
"X","East Midlands - North - Core 3","04/08/2021 00:00:00","24","Core Training Year 1","Health Education England East Midlands","Health Education England East Midlands - North","-","","2","East Midlands North rotation commencing at Kings Mill Hospital (6 months) - indicative, subject to change","","",""
"X","East Midlands - North - Core 4","04/08/2021 00:00:00","24","Core Training Year 1","Health Education England East Midlands","Health Education England East Midlands - North","-","","3","East Midlands North rotation commencing at Lincoln County Hospital (6 months) - indicative, subject to change","","",""
"X","East Midlands - North - Core 5","04/08/2021 00:00:00","24","Core Training Year 1","Health Education England East Midlands","Health Education England East Midlands - North","-","","2","East Midlands North rotation commencing at Chesterfield Royal Hospital (6 months) - indicative, subject to change","","",""
"X","East Midlands - North - Core 6","04/08/2021 00:00:00","24","Core Training Year 1","Health Education England East Midlands","Health Education England East Midlands - North","-","","2","East Midlands North rotation commencing at Queens Hospital, Burton (6 months) - indicative, subject to change","","",""
"X","East Midlands - South - ACCS 1","04/08/2021 00:00:00","36","Core Training Year 1","Health Education England East Midlands","Health Education England East Midlands - South","-","","1","East Midlands South ACCS Anaesthetics.  Rotation Anaes 1. Aug 21 - Emer Med Kettering General; Feb 22 - Acute Med Leicester Royal; Aug 22 - Anaes Leicester Royal; Feb 23 - ITU Leicester Royal. All posts indicative, subject to change","","",""
"X","East Midlands - South - ACCS 2","04/08/2021 00:00:00","36","Core Training Year 1","Health Education England East Midlands","Health Education England East Midlands - South","-","","1","East Midlands South ACCS Anaesthetics.  Rotation Anaes 2. Aug 21 - Acute Med Northampton General; Feb 22 - Emer Med Northampton General; Aug 22 - Anaes Leicester Royal; Feb 23 - ITU Leicester Royal. All posts indicative, subject to change","","",""
"X","East Midlands - South - Core 1","04/08/2021 00:00:00","24","Core Training Year 1","Health Education England East Midlands","Health Education England East Midlands - South","-","","3","East Midlands South rotation commencing at Leicester General Hospital (12 months) - indicative, subject to change","","",""
"X","East Midlands - South - Core 2","04/08/2021 00:00:00","24","Core Training Year 1","Health Education England East Midlands","Health Education England East Midlands - South","-","","1","East Midlands South rotation commencing at Royal Derby Hospital (12 months) - indicative, subject to change","","",""
"X","East Midlands - South - Core 3","04/08/2021 00:00:00","24","Core Training Year 1","Health Education England East Midlands","Health Education England East Midlands - South","-","","2","East Midlands South rotation commencing at Kettering General Hospital (12 months) - indicative, subject to change","","",""
"X","East Midlands - South - Core 4","04/08/2021 00:00:00","24","Core Training Year 1","Health Education England East Midlands","Health Education England East Midlands - South","-","","2","East Midlands South rotation commencing at Northampton General Hospital (12 months) - indicative, subject to change","","",""
"X","East Midlands - South - Core 5","04/08/2021 00:00:00","24","Core Training Year 1","Health Education England East Midlands","Health Education England East Midlands - South","-","","3","East Midlands South rotation commencing at Pilgrim Hospital, Boston (12 months) - indicative, subject to change","","",""
"X","East of England - Basildon - Core","04/08/2021 00:00:00","24","Core Training Year 1","Health Education England East of England","Health Education England East of England - Essex","Basildon","","0","CT1 at Basildon & Thurrock University Hospitals NHS Foundation Trust","","",""
"X","East of England - Bedford - Core","04/08/2021 00:00:00","24","Core Training Year 1","Health Education England East of England","Health Education England East of England - Bedfordshire","Bedford","","0","CT1 at Bedford Hospital NHS Trust, further rotations to be confirmed by TPD.","","",""
"X","East of England - Bedford - CT1 - Core - 1","04/08/2021 00:00:00","24","Core Training Year 1","Health Education England East of England","Health Education England East of England - Bedfordshire","Bedford","","2","Rotation as follows: CT1 Bedford Hospital; CT2 Bedford Hospital; CT3 Peterborough Hospital.  Rotations subject to change.","","",""
"X","East of England - Bedford - CT1 - Core - 2","04/08/2021 00:00:00","24","Core Training Year 1","Health Education England East of England","Health Education England East of England - Bedfordshire","Bedford","","2","Rotation as follows: CT1 Bedford Hospital; CT2 Bedford Hospital; CT3 Luton & Dunstable Hospital.  Rotations subject to change. ","","",""
"X","East of England - Bury St Edmunds -  CT1 - Core 1","04/08/2021 00:00:00","24","Core Training Year 1","Health Education England East of England","Health Education England East of England - Suffolk","Bury St. Edmunds","","2","Rotation as follows: CT1 West Suffolk Hospital, Bury St Edmunds; CT2 West Suffolk Hospital, Bury St Edmunds; CT3 Peterborough Hospital.  Rotations subject to change.","","",""
"X","East of England - Bury St Edmunds -  CT1 - Core 2","04/08/2021 00:00:00","24","Core Training Year 1","Health Education England East of England","Health Education England East of England - Suffolk","Bury St. Edmunds","","1","Rotation as follows: CT1 West Suffolk Hospital, Bury St Edmunds; CT2 West Suffolk Hospital, Bury St Edmunds; CT3 Queen Elizabeth Hospital, Kings Lynn.  Rotations subject to change.","","",""
"X","East of England - Bury St Edmunds - ACCS","04/08/2021 00:00:00","36","Core Training Year 1","Health Education England East of England","Health Education England East of England - Suffolk","Bury St. Edmunds","","1","ACCS - Rotation as follows: CT1 West Suffolk Hospital, Bury St Edmunds; CT2 West Suffolk Hospital, Bury St Edmunds; CT3 West Suffolk Hospital, Bury St Edmunds; CT4 Queen Elizabeth Hospital, Kings Lynn.  Rotations subject to change.","","",""
"X","East of England - Bury St Edmunds - Core","04/08/2021 00:00:00","24","Core Training Year 1","Health Education England East of England","Health Education England East of England - Suffolk","Bury St. Edmunds","","0","CT1 at West Suffolk Hospital NHS Trust, Bury St Edmunds, further rotations to be confirmed by TPD.","","",""
"X","East of England - Bury St Edmunds - CT1 - ACCS - 02","04/08/2021 00:00:00","36","Core Training Year 1","Health Education England East of England","Health Education England East of England - Suffolk","Bury St. Edmunds","","1","Rotation as follows: CT1 West Suffolk Hospital, Bury St Edmunds; CT2 West Suffolk Hospital, Bury St Edmunds; CT3 West Suffolk Hospital, Bury St Edmunds; CT4 Peterborough Hospital.  Rotations subject to change.","","",""
"X","East of England - Cambridge - Core","04/08/2021 00:00:00","24","Core Training Year 1","Health Education England East of England","Health Education England East of England - Cambridgeshire","Cambridge","","0","CT1 at Cambridge University Hospitals NHS Foundation Trust, further rotations be be confirmed by TPD.","","",""
"X","East of England - Chelmsford - ACCS","04/08/2021 00:00:00","36","Core Training Year 1","Health Education England East of England","Health Education England East of England - Essex","Chelmsford","","1","ACCS - Rotation as follows: CT1 Broomfield Hospital, Chelmsford; CT2 Broomfield Hospital, Chelmsford; CT3 Broomfield Hospital, Chelmsford; CT4 Southend Hospital.  Rotations subject to change.","","",""
"X","East of England - Chelmsford - Core","04/08/2021 00:00:00","24","Core Training Year 1","Health Education England East of England","Health Education England East of England - Essex","Chelmsford","","0","CT1 at Mid Essex Hospital Services NHS Trust, Chelmsford, further rotations to be confirmed by TPD.","","",""
"X","East of England - Chelmsford - CT1 - Core 1","04/08/2021 00:00:00","24","Core Training Year 1","Health Education England East of England","Health Education England East of England - Essex","Chelmsford","","2","Rotation as follows: CT1 Broomfield Hospital, Chelmsford; CT2 Broomfield Hospital, Chelmsford; CT3 Southend Hospital.  Rotations subject to change.","","",""
"X","East of England - Chelmsford - CT1 - Core 2","04/08/2021 00:00:00","24","Core Training Year 1","Health Education England East of England","Health Education England East of England - Essex","Chelmsford","","1","Rotation as follows: CT1 Broomfield Hospital, Chelmsford; CT2 Broomfield Hospital, Chelmsford; CT3 Colchester Hospital.  Rotations subject to change.","","",""
"X","East of England - Colchester - ACCS","04/08/2021 00:00:00","36","Core Training Year 1","Health Education England East of England","Health Education England East of England - Essex","Colchester","","1","ACCS - Rotation as follows: CT1 Colchester Hospital; CT2 Colchester Hospital; CT3 Colchester Hospital; CT4 Ipswich Hospital.  Rotations subject to change.","","",""
"X","East of England - Colchester - Core","04/08/2021 00:00:00","24","Core Training Year 1","Health Education England East of England","Health Education England East of England - Essex","Colchester","","0","CT1 at Colchester University Hospital NHS Foundation Trust, further rotations to be confirmed by TPD","","",""
"X","East of England - Colchester - CT1 - Core","04/08/2021 00:00:00","24","Core Training Year 1","Health Education England East of England","Health Education England East of England - Essex","Colchester","","3","Rotation as follows: CT1 Colchester Hospital; CT2 Colchester Hospital; CT3 Ipswich Hospital.  Rotations subject to change.","","",""
"X","East of England - Gt Yarmouth - ACCS","04/08/2021 00:00:00","36","Core Training Year 1","Health Education England East of England","Health Education England East of England - Norfolk","Great Yarmouth","","1","ACCS - Rotation as follows: CT1 James Paget Hospital, Gt Yarmouth; CT2 James Paget Hospital, Gt Yarmouth; CT3 James Paget Hospital, Gt Yarmouth; CT4 Norfolk & Norwich Hospital.  Rotation subject to change.","","",""
"X","East of England - Gt Yarmouth - Core","04/08/2021 00:00:00","24","Core Training Year 1","Health Education England East of England","Health Education England East of England - Norfolk","Great Yarmouth","","0","CT1 at James Paget University Hospitals NHS Foundation Trust, Gt Yarmouth, further rotations to be confirmed by TPD","","",""
"X","East of England - Gt Yarmouth - CT1 - Core","04/08/2021 00:00:00","24","Core Training Year 1","Health Education England East of England","Health Education England East of England - Norfolk","Great Yarmouth","","1","Rotation as follows: CT1 James Paget Hospital, Gt Yarmouth; CT2 James Paget Hospital, Gt Yarmouth; CT3 Norfolk & Norwich Hospital","","",""
"X","East of England - Harlow - Core","04/08/2021 00:00:00","24","Core Training Year 1","Health Education England East of England","Health Education England East of England - Essex","Harlow","","0","CT1 at Princess Alexandra Hospital NHS Trust, Harlow, further rotations to be confirmed by TPD.","","",""
"X","East of England - Harlow - CT1 - Core","04/08/2021 00:00:00","24","Core Training Year 1","Health Education England East of England","Health Education England East of England - Essex","Harlow","","1","Rotation as follows: CT1 Princess Alexandra Hospital, Harlow; CT2 Princess Alexandra Hospital, Harlow; CT3 Broomfield Hospital, Harlow. Rotations subject to change.","","",""
"X","East of England - Huntingdon - Core","04/08/2021 00:00:00","24","Core Training Year 1","Health Education England East of England","Health Education England East of England - Cambridgeshire","Huntingdon","","0","CT1 at Hinchingbrooke Hospital NHS Trust, Huntingdon, further rotations to be confirmed by TPD.","","",""
"X","East of England - Ipswich - Core","04/08/2021 00:00:00","24","Core Training Year 1","Health Education England East of England","Health Education England East of England - Suffolk","Ipswich","","0","CT1 at Ipswich Hospital NHS Trust, further rotations to be confirmed by TPD.","","",""
"X","East of England - Ipswich - CT1 - ACCS","04/08/2021 00:00:00","36","Core Training Year 1","Health Education England East of England","Health Education England East of England - Suffolk","Ipswich","","1","ACCS - Rotation as follows: CT1 Ipswich Hospital; CT2 Ipswich Hospital; CT3 Ipswich Hospital; CT4 Colchester Hospital.  Rotations subject to change.","","",""
"X","East of England - Ipswich - CT1 - Core","04/08/2021 00:00:00","24","Core Training Year 1","Health Education England East of England","Health Education England East of England - Suffolk","Ipswich","","3","Rotation as follows: CT1 Ipswich Hospital; CT2 Ipswich Hospital; CT3 Colchester Hospital. Rotations subject to change.","","",""
"X","East of England - Kings Lynn - ACCS","04/08/2021 00:00:00","36","Core Training Year 1","Health Education England East of England","Health Education England East of England - Norfolk","Kings Lynn","","2","ACCS - Rotation as follows: CT1 Queen Elizabeth Hospital, Kings Lynn; CT2 Queen Elizabeth Hospital, Kings Lynn; CT3 Queen Elizabeth Hospital, Kings Lynn; CT4 West Suffolk Hospital, Bury St Edmunds.  Rotations subject to change.","","",""
"X","East of England - Kings Lynn - Core","04/08/2021 00:00:00","24","Core Training Year 1","Health Education England East of England","Health Education England East of England - Norfolk","Kings Lynn","","0","CT1 at Queen Elizabeth NHS Trust, Kings Lynn, further rotations to be confirmed by TPD.","","",""
"X","East of England - Kings Lynn - CT1 - Core","04/08/2021 00:00:00","24","Core Training Year 1","Health Education England East of England","Health Education England East of England - Norfolk","Kings Lynn","","2","Rotation as follows: CT1 Queen Elizabeth Hospital, Kings Lynn; CT2 Queen Elizabeth Hospital, Kings Lynn; CT3 West Suffolk, Bury St Edmunds.  Rotations subject to change.","","",""
"X","East of England - Luton  - ACCS","04/08/2021 00:00:00","36","Core Training Year 1","Health Education England East of England","Health Education England East of England - Bedfordshire","-","","1","Rotation as follows: CT1 Luton & Dunstable Hospital; CT2 Luton & Dunstable Hospital; CT3 Luton & Dunstable Hospital; CT4 Watford General Hospital","","",""
"X","East of England - Luton - Core","04/08/2021 00:00:00","24","Core Training Year 1","Health Education England East of England","Health Education England East of England - Bedfordshire","-","","0","Rotation as follows: CT1 Luton & Dunstable Hospital; CT2 Luton & Dunstable Hospital; CT3 Bedford Hospital.  Rotations subject to change.","","",""
"X","East of England - Luton - CT1 - Core","04/08/2021 00:00:00","24","Core Training Year 1","Health Education England East of England","Health Education England East of England - Bedfordshire","-","","1","Rotation as follows: CT1 Luton & Dunstable Hospital; CT2 Luton & Dunstable Hospital; CT3 Bedford Hospital.  Rotations subject to change.","","",""
"X","East of England - Norwich - ACCS","04/08/2021 00:00:00","36","Core Training Year 1","Health Education England East of England","Health Education England East of England - Norfolk","Norwich","","1","ACCS - Rotation as follows: CT1 Norfolk & Norwich Hospital, Norwich; CT2 James Paget Hospital, Gt Yarmouth; CT3 James Paget Hospital, Gt Yarmouth; CT4 Norfolk & Norwich Hospital, Norwich.  Rotations subject to change.","","",""
"X","East of England - Norwich - Core","04/08/2021 00:00:00","24","Core Training Year 1","Health Education England East of England","Health Education England East of England - Norfolk","Norwich","","0","CT1 at Norfolk & Norwich University Hospital NHS Trust, Norwich, further rotations to be confirmed by TPD","","",""
"X","East of England - Norwich - CT1 - ACCS - 02","04/08/2021 00:00:00","36","Core Training Year 1","Health Education England East of England","Health Education England East of England - Norfolk","Norwich","","1","Rotation as follows: CT1 Norfolk & Norwich Hospital, Norwich; CT2 Ipswich Hospital; CT3 Ipswich Hospital; CT4 Norfolk & Norwich Hospital, Norwich.  Rotations subject to change.","","",""
"X","East of England - Peterborough - ACCS","04/08/2021 00:00:00","36","Core Training Year 1","Health Education England East of England","Health Education England East of England - Cambridgeshire","Peterborough","","2","ACCS - Rotation as follows: CT1 Peterborough Hospital; CT2 Peterborough Hospital; CT3 Peterborough; CT4 Bedford Hospital.  Rotations subject to change..","","",""
"X","East of England - Peterborough - Core","04/08/2021 00:00:00","24","Core Training Year 1","Health Education England East of England","Health Education England East of England - Cambridgeshire","Peterborough","","0","CT1 at Peterborough City Hospital, further rotations be be confirmed by TPD.","","",""
"X","East of England - Peterborough - CT1 - Core","04/08/2021 00:00:00","24","Core Training Year 1","Health Education England East of England","Health Education England East of England - Cambridgeshire","Peterborough","","2","Rotation as follows: CT1 Peterborough Hospital; CT2 Peterborough Hospital; CT3 West Suffolk Hospital, Bury St Edmunds. Rotations subject to change.","","",""
"X","East of England - Southend - ACCS","04/08/2021 00:00:00","36","Core Training Year 1","Health Education England East of England","Health Education England East of England - Essex","Southend","","1","ACCS - Rotation as follows: CT1 Southend Hospital; CT2 Southend Hospital; CT3 Southend Hospital; CT4 Broomfield Hospital, Chelmsford.  Rotations subject to change.","","",""
"X","East of England - Southend - Core","04/08/2021 00:00:00","24","Core Training Year 1","Health Education England East of England","Health Education England East of England - Essex","Southend","","0","CT1 at Southend University Hospital NHS Foundation Trust, further rotations to be confirmed by TPD.","","",""
"X","East of England - Southend - CT1 - Core","04/08/2021 00:00:00","24","Core Training Year 1","Health Education England East of England","Health Education England East of England - Essex","Southend","","1","Rotation as follows: CT1 Southend Hospital; CT2 Southend Hospital; CT3 Broomfield Hospital, Chelmsford.  Rotations subject to change.","","",""
"X","East of England - Stevenage - - CT1 - Core - 1","04/08/2021 00:00:00","24","Core Training Year 1","Health Education England East of England","Health Education England East of England - Hertfordshire","Stevenage","","1","Rotation as follows: CT1 Lister Hospital, Stevenage; CT2 Lister Hospital, Stevenage; CT3 Luton & Dunstable Hospital.  Rotations subject to change.","","",""
"X","East of England - Stevenage - - CT1 - Core - 2","04/08/2021 00:00:00","24","Core Training Year 1","Health Education England East of England","Health Education England East of England - Hertfordshire","Stevenage","","1","Rotation as follows: CT1 Lister Hospital, Stevenage; CT2 Lister Hospital, Stevenage; CT3 Watford General Hospital.  Rotations subject to change","","",""
"X","East of England - Stevenage - Core","04/08/2021 00:00:00","24","Core Training Year 1","Health Education England East of England","Health Education England East of England - Hertfordshire","Stevenage","","0","CT1 at East & North Hertfordshire NHS Trust, Lister Hospital, Stevenage, further rotations to be confirmed by TPD.","","",""
"X","East of England - Watford - - CT1 - Core","04/08/2021 00:00:00","24","Core Training Year 1","Health Education England East of England","Health Education England East of England - Hertfordshire","Watford","","2","Rotation as follows: CT1 Watford General Hospital; CT2 Watford General Hospital; CT3 Lister Hospital, Stevenage.  Rotations subject to change.","","",""
"X","East of England - Watford - Core","04/08/2021 00:00:00","24","Core Training Year 1","Health Education England East of England","Health Education England East of England - Hertfordshire","Watford","","0","CT1 at West Hertfordshire NHS Trust, Watford, further rotations to be confirmed by TPD.","","",""
"X","Kent, Surrey and Sussex - Kent - ACCS -1","04/08/2021 00:00:00","36","Core Training Year 1","Health Education England Kent, Surrey and Sussex","Health Education England Kent, Surrey and Sussex - Kent","-","","1","KSS ACCS Kent - CT1 (Acute Med and Emergency Med -order tbc on appointment to programme) & CT2 (Anaes and ICM order tbc on appointment to programme) Darent Valley Hospital, Dartford & Gravesham NHS Trust, CT3 (Anaes) Medway Maritime Hospital, Medway NHS Trust // CT4 Year To Be Confirmed - Due to the implementation of the new Anaesthetics Curriculum in August 2021, the remainder of this programme will be confirmed at a later date","","",""
"X","Kent, Surrey and Sussex - Kent - ACCS -2","04/08/2021 00:00:00","36","Core Training Year 1","Health Education England Kent, Surrey and Sussex","Health Education England Kent, Surrey and Sussex - Kent","-","","3","KSS ACCS Kent - CT1 (Acute Med and Emergency Med -order tbc on appointment to programme) & CT2 (Anaes and ICM order tbc on appointment to programme) Darent Valley Hospital, Dartford & Gravesham NHS Trust, CT3 (Anaes) Maidstone & Tunbridge Wells NHS Trust // CT4 Year To Be Confirmed - Due to the implementation of the new Anaesthetics Curriculum in August 2021, the remainder of this programme will be confirmed at a later date","","",""
"X","Kent, Surrey and Sussex - Kent - ACCS -3","04/08/2021 00:00:00","36","Core Training Year 1","Health Education England Kent, Surrey and Sussex","Health Education England Kent, Surrey and Sussex - Kent","-","","1","KSS ACCS Kent - CT1  (Acute Med and Emergency Med -order tbc on appointment to programme) & CT2 (Anaes and ICM order tbc on appointment to programme) East Kent Hospitals NHS Trust, CT3 (Anaes) Maidstone & Tunbridge Wells NHS Trust // CT4 Year To Be Confirmed - Due to the implementation of the new Anaesthetics Curriculum in August 2021, the remainder of this programme will be confirmed at a later date","","",""
"X","Kent, Surrey and Sussex - Kent - ACCS -4","04/08/2021 00:00:00","36","Core Training Year 1","Health Education England Kent, Surrey and Sussex","Health Education England Kent, Surrey and Sussex - Kent","-","","1","KSS ACCS Kent - CT1  (Acute Med and Emergency Med -order tbc on appointment to programme) & CT2 (Anaes and ICM order tbc on appointment to programme) East Kent Hospitals NHS Trust, CT3 (Anaes) Medway Maritime Hospital, Medway NHS Trust // CT4 Year To Be Confirmed - Due to the implementation of the new Anaesthetics Curriculum in August 2021, the remainder of this programme will be confirmed at a later date","","",""
"X","Kent, Surrey and Sussex - Kent - ACCS -5","04/08/2021 00:00:00","36","Core Training Year 1","Health Education England Kent, Surrey and Sussex","Health Education England Kent, Surrey and Sussex - Kent","-","","2","KSS ACCS Kent - CT1  (Acute Med and Emergency Med -order tbc on appointment to programme) & CT2 (Anaes and ICM order tbc on appointment to programme) Medway Maritime Hospital, Medway NHS Trust, CT3 (Anaes) Darent Valley Hospital, Dartford & Gravesham NHS Trust // CT4 Year To Be Confirmed - Due to the implementation of the new Anaesthetics Curriculum in August 2021, the remainder of this programme will be confirmed at a later date","","",""
"X","Kent, Surrey and Sussex - Kent - Core - 1","04/08/2021 00:00:00","24","Core Training Year 1","Health Education England Kent, Surrey and Sussex","Health Education England Kent, Surrey and Sussex - Kent","-","","4","KSS Core Kent - CT1 Queen Elizabeth the Queen Mother Hospital / CT2 William Harvey Hospital, East Kent Hospitals NHS Trust / CT3 Year To Be Confirmed - Due to the implementation of the new Anaesthetics Curriculum in August 2021, the remainder of this programme will be confirmed at a later date","","",""
"X","Kent, Surrey and Sussex - Kent - Core - 2","04/08/2021 00:00:00","24","Core Training Year 1","Health Education England Kent, Surrey and Sussex","Health Education England Kent, Surrey and Sussex - Kent","-","","4","KSS Core Kent - CT1 William Harvey Hospital / CT2 Queen Elizabeth the Queen Mother Hospital, East Kent Hospitals NHS Trust / CT3 Year To Be Confirmed - Due to the implementation of the new Anaesthetics Curriculum in August 2021, the remainder of this programme will be confirmed at a later date","","",""
"X","Kent, Surrey and Sussex - Kent - Core - 3","04/08/2021 00:00:00","24","Core Training Year 1","Health Education England Kent, Surrey and Sussex","Health Education England Kent, Surrey and Sussex - Kent","-","","1","KSS Core Kent - CT1 Medway Maritime Hospital, Medway NHS Trust / CT2 Maidstone & Tunbridge Wells NHS Trust / CT3 Year To Be Confirmed - Due to the implementation of the new Anaesthetics Curriculum in August 2021, the remainder of this programme will be confirmed at a later date","","",""
"X","Kent, Surrey and Sussex - Kent - Core - 4","04/08/2021 00:00:00","24","Core Training Year 1","Health Education England Kent, Surrey and Sussex","Health Education England Kent, Surrey and Sussex - Kent","-","","1","KSS Core Kent - CT1 Maidstone & Tunbridge Wells NHS Trust  /  CT2 Darent Valley Hospital, Dartford & Gravesham NHS Trust / CT3 Year To Be Confirmed - Due to the implementation of the new Anaesthetics Curriculum in August 2021, the remainder of this programme will be confirmed at a later date","","",""
"X","Kent, Surrey and Sussex - Kent - Core - 5","04/08/2021 00:00:00","24","Core Training Year 1","Health Education England Kent, Surrey and Sussex","Health Education England Kent, Surrey and Sussex - Kent","-","","2","KSS Core Kent - CT1 Maidstone & Tunbridge Wells NHS Trust / CT2 Medway Maritime Hospital, Medway NHS Trust  / CT3 Year To Be Confirmed - Due to the implementation of the new Anaesthetics Curriculum in August 2021, the remainder of this programme will be confirmed at a later date","","",""
"X","Kent, Surrey and Sussex - Surrey - ACCS 1","04/08/2021 00:00:00","36","Core Training Year 1","Health Education England Kent, Surrey and Sussex","Health Education England Kent, Surrey and Sussex - Surrey","-","","1","KSS ACCS Surrey - CT1 (Acute Med and Emergency Med -order tbc on appointment to programme) & CT2 (Anaes and ICM order tbc on appointment to programme) Frimley Park Hospital. Frimley Park NHS Trust, CT3 (Anaes) Frimley Park Hospital. Frimley Park NHS Trust // CT4 Year To Be Confirmed - Due to the implementation of the new Anaesthetics Curriculum in August 2021, the remainder of this programme will be confirmed at a later date","","",""
"X","Kent, Surrey and Sussex - Surrey - ACCS 2","04/08/2021 00:00:00","36","Core Training Year 1","Health Education England Kent, Surrey and Sussex","Health Education England Kent, Surrey and Sussex - Surrey","-","","2","KSS ACCS Surrey - CT1 (Acute Med and Emergency Med -order tbc on appointment to programme) & CT2 (Anaes and ICM order tbc on appointment to programme) Royal Surrey County Hospital, Royal Surrey NHS Trust, CT3 (Anaes) Royal Surrey County Hospital, Royal Surrey NHS Trust // CT4 Year To Be Confirmed - Due to the implementation of the new Anaesthetics Curriculum in August 2021, the remainder of this programme will be confirmed at a later date","","",""
"X","Kent, Surrey and Sussex - Surrey - Core - 1","04/08/2021 00:00:00","24","Core Training Year 1","Health Education England Kent, Surrey and Sussex","Health Education England Kent, Surrey and Sussex - Surrey","-","","2","KSS Core Surrey - CT1 & CT2 St Peter's Hospital, Ashford & St Peter's NHS Trust / CT3 Year To Be Confirmed - Due to the implementation of the new Anaesthetics Curriculum in August 2021, the remainder of this programme will be confirmed at a later date","","",""
"X","Kent, Surrey and Sussex - Surrey - Core - 2","04/08/2021 00:00:00","24","Core Training Year 1","Health Education England Kent, Surrey and Sussex","Health Education England Kent, Surrey and Sussex - Surrey","-","","1","KSS Core Surrey - CT1 St Peter's Hospital, Ashford & St Peter's NHS Trust & CT2 Frimley Park Hospital, Frimley Park NHS Trust /  CT3 Year To Be Confirmed - Due to the implementation of the new Anaesthetics Curriculum in August 2021, the remainder of this programme will be confirmed at a later date","","",""
"X","Kent, Surrey and Sussex - Surrey - Core - 3","04/08/2021 00:00:00","24","Core Training Year 1","Health Education England Kent, Surrey and Sussex","Health Education England Kent, Surrey and Sussex - Surrey","-","","1","KSS Core Surrey - CT1 & CT2 Royal Surrey County Hospital, Royal Surrey NHS Trust /  CT3 Year To Be Confirmed - Due to the implementation of the new Anaesthetics Curriculum in August 2021, the remainder of this programme will be confirmed at a later date","","",""
"X","Kent, Surrey and Sussex - Surrey - Core - 4","04/08/2021 00:00:00","24","Core Training Year 1","Health Education England Kent, Surrey and Sussex","Health Education England Kent, Surrey and Sussex - Surrey","-","","1","KSS Core Surrey - CT1 Royal Surrey County Hospital, Royal Surrey NHS Trust & CT2 Frimley Park Hospital, Frimley Park NHS Trust /  CT3 Year To Be Confirmed - Due to the implementation of the new Anaesthetics Curriculum in August 2021, the remainder of this programme will be confirmed at a later date","","",""
"X","Kent, Surrey and Sussex - Surrey - Core - 5","04/08/2021 00:00:00","24","Core Training Year 1","Health Education England Kent, Surrey and Sussex","Health Education England Kent, Surrey and Sussex - Surrey","-","","2","KSS Core Surrey - CT1 & CT2 East Surrey Hospital, Surrey & Sussex Healthcare NHS Trust  / CT3 Year To Be Confirmed - Due to the implementation of the new Anaesthetics Curriculum in August 2021, the remainder of this programme will be confirmed at a later date","","",""
"X","Kent, Surrey and Sussex - Surrey - Core - 6","04/08/2021 00:00:00","24","Core Training Year 1","Health Education England Kent, Surrey and Sussex","Health Education England Kent, Surrey and Sussex - Surrey","-","","1","KSS Core Surrey - CT1 East Surrey Hospital, Surrey & Sussex Healthcare NHS Trust & CT2 St Peter's Hospital, Ashford & St Peter's NHS Trust / CT3 Year To Be Confirmed - Due to the implementation of the new Anaesthetics Curriculum in August 2021, the remainder of this programme will be confirmed at a later date","","",""
"X","Kent, Surrey and Sussex - Sussex - ACCS - 1","04/08/2021 00:00:00","36","Core Training Year 1","Health Education England Kent, Surrey and Sussex","Health Education England Kent, Surrey and Sussex - Sussex","-","","3","KSS ACCS Sussex - CT1 (Acute Med and Emergency Med -order tbc on appointment to programme) & CT2 (Anaes and ICM order tbc on appointment to programme) Brighton & Sussex University Hospitals NHS Trust, CT3 (Anaes) East Sussex Healthcare NHS Trust  //  CT4 Year To Be Confirmed - Due to the implementation of the new Anaesthetics Curriculum in August 2021, the remainder of this programme will be confirmed at a later date","","",""
"X","Kent, Surrey and Sussex - Sussex - ACCS - 2","04/08/2021 00:00:00","36","Core Training Year 1","Health Education England Kent, Surrey and Sussex","Health Education England Kent, Surrey and Sussex - Sussex","-","","1","KSS ACCS Sussex - CT1 (Acute Med and Emergency Med -order tbc on appointment to programme) & CT2 (Anaes and ICM order tbc on appointment to programme) East Sussex Healthcare NHS Trust, CT3 (Anaes) East Sussex Healthcare NHS Trust // CT4 Year To Be Confirmed - Due to the implementation of the new Anaesthetics Curriculum in August 2021, the remainder of this programme will be confirmed at a later date","","",""
"X","Kent, Surrey and Sussex - Sussex - ACCS - 3","04/08/2021 00:00:00","36","Core Training Year 1","Health Education England Kent, Surrey and Sussex","Health Education England Kent, Surrey and Sussex - Sussex","-","","1","KSS ACCS Sussex - CT1 (Acute Med and Emergency Med -order tbc on appointment to programme) & CT2 (Anaes and ICM order tbc on appointment to programme) East Sussex Healthcare NHS Trust, CT3 (Anaes) Brighton & Sussex University Hospitals NHS Trust // CT4 Year To Be Confirmed - Due to the implementation of the new Anaesthetics Curriculum in August 2021, the remainder of this programme will be confirmed at a later date","","",""
"X","Kent, Surrey and Sussex - Sussex - ACCS - 4","04/08/2021 00:00:00","36","Core Training Year 1","Health Education England Kent, Surrey and Sussex","Health Education England Kent, Surrey and Sussex - Sussex","-","","1","KSS ACCS Sussex - CT1 (Acute Med and Emergency Med -order tbc on appointment to programme) & CT2 (Anaes and ICM order tbc on appointment to programme) Western Sussex Hospitals NHS Trust, CT3 (Anaes)   Western Sussex Hospitals NHS Trust // CT4 Year To Be Confirmed - Due to the implementation of the new Anaesthetics Curriculum in August 2021, the remainder of this programme will be confirmed at a later date","","",""
"X","Kent, Surrey and Sussex - Sussex - Core - 1","04/08/2021 00:00:00","24","Core Training Year 1","Health Education England Kent, Surrey and Sussex","Health Education England Kent, Surrey and Sussex - Sussex","-","","1","KSS Core Sussex - CT1 Brighton & Sussex University Hospitals NHS Trust / CT2 St Richard's Hospital, Western Sussex Hospitals NHS Trust / CT3 Year To Be Confirmed - Due to the implementation of the new Anaesthetics Curriculum in August 2021, the remainder of this programme will be confirmed at a later date","","",""
"X","Kent, Surrey and Sussex - Sussex - Core - 2","04/08/2021 00:00:00","24","Core Training Year 1","Health Education England Kent, Surrey and Sussex","Health Education England Kent, Surrey and Sussex - Sussex","-","","1","KSS Core Sussex - CT1 St Richard's Hospital, Western Sussex Hospitals NHS Trust / CT2 Worthing Hospital, Western Sussex Hospitals NHS Trust / CT3 Year To Be Confirmed - Due to the implementation of the new Anaesthetics Curriculum in August 2021, the remainder of this programme will be confirmed at a later date","","",""
"X","Kent, Surrey and Sussex - Sussex - Core - 3","04/08/2021 00:00:00","24","Core Training Year 1","Health Education England Kent, Surrey and Sussex","Health Education England Kent, Surrey and Sussex - Sussex","-","","2","KSS Core Sussex - CT1 St Richard's Hospital, Western Sussex Hospitals NHS Trust / CT2 Brighton & Sussex University Hospitals NHS Trust / CT3 Year To Be Confirmed - Due to the implementation of the new Anaesthetics Curriculum in August 2021, the remainder of this programme will be confirmed at a later date","","",""
"X","Kent, Surrey and Sussex - Sussex - Core - 4","04/08/2021 00:00:00","24","Core Training Year 1","Health Education England Kent, Surrey and Sussex","Health Education England Kent, Surrey and Sussex - Sussex","-","","2","KSS Core Sussex - CT1 Worthing Hospital, Western Sussex Hospitals NHS Trust / CT2 St Richard's Hospital, Western Sussex Hospitals NHS Trust /  CT3 Year To Be Confirmed - Due to the implementation of the new Anaesthetics Curriculum in August 2021, the remainder of this programme will be confirmed at a later date","","",""
"X","Kent, Surrey and Sussex - Sussex - Core - 5","04/08/2021 00:00:00","24","Core Training Year 1","Health Education England Kent, Surrey and Sussex","Health Education England Kent, Surrey and Sussex - Sussex","-","","4","KSS Core Sussex - CT1 East Sussex Healthcare NHS Trust / CT2 Brighton & Sussex University Hospitals NHS Trust / CT3 Year To Be Confirmed - Due to the implementation of the new Anaesthetics Curriculum in August 2021, the remainder of this programme will be confirmed at a later date","","",""
"X","London - North Central and East London - ACCS - 1","04/08/2021 00:00:00","36","Core Training Year 1","Health Education England London","Health Education England North Central and East London","-","","1","North Central London - CT1 University College Hospital (Emergency Medicine followed by Acute Medicine) / Due to the implementation of the new Anaesthetics Curriculum in August 2021, the remainder of this programme will be confirmed with Training Programme Directors upon appointment to the programme","","",""
"X","London - North Central and East London - ACCS - 10","04/08/2021 00:00:00","36","Core Training Year 1","Health Education England London","Health Education England North Central and East London","-","","1","North East London - CT1 Homerton Hospital (Acute Medicine followed by Emergency Medicine) / CT2 to CT4  Years To Be Confirmed - Due to the implementation of the new Anaesthetics Curriculum in August 2021, the remainder of this programme will be confirmed at a later date","","",""
"X","London - North Central and East London - ACCS - 11","04/08/2021 00:00:00","36","Core Training Year 1","Health Education England London","Health Education England North Central and East London","-","","1","North East London - CT1 Newham Hospital (Emergency Medicine Followed by Acute Medicine) / CT2 to CT4  Years To Be Confirmed - Due to the implementation of the new Anaesthetics Curriculum in August 2021, the remainder of this programme will be confirmed at a later date","","",""
"X","London - North Central and East London - ACCS - 12","04/08/2021 00:00:00","36","Core Training Year 1","Health Education England London","Health Education England North Central and East London","-","","1","North East London - CT1 Newham Hospital (Acute Medicine followed by Emergency Medicine) /  CT2 to CT4  Years To Be Confirmed - Due to the implementation of the new Anaesthetics Curriculum in August 2021, the remainder of this programme will be confirmed at a later date","","",""
"X","London - North Central and East London - ACCS - 2","04/08/2021 00:00:00","36","Core Training Year 1","Health Education England London","Health Education England North Central and East London","-","","1","North Central London - CT1 University College Hospital (Acute Medicine followed by Emergency Medicine) / Due to the implementation of the new Anaesthetics Curriculum in August 2021, the remainder of this programme will be confirmed with Training Programme Directors upon appointment to the programme","","",""
"X","London - North Central and East London - ACCS - 3","04/08/2021 00:00:00","36","Core Training Year 1","Health Education England London","Health Education England North Central and East London","-","","1","North Central London - CT1 University College Hospital (Emergency Medicine followed by Acute Medicine) / Due to the implementation of the new Anaesthetics Curriculum in August 2021, the remainder of this programme will be confirmed with Training Programme Directors upon appointment to the programme","","",""
"X","London - North Central and East London - ACCS - 4","04/08/2021 00:00:00","36","Core Training Year 1","Health Education England London","Health Education England North Central and East London","-","","1","North Central London - CT1 University College Hospital (Acute Medicine followed by Emergency Medicine) / Due to the implementation of the new Anaesthetics Curriculum in August 2021, the remainder of this programme will be confirmed with Training Programme Directors upon appointment to the programme","","",""
"X","London - North Central and East London - ACCS - 5","04/08/2021 00:00:00","36","Core Training Year 1","Health Education England London","Health Education England North Central and East London","-","","1","North Central London - CT1 University College Hospital (Emergency Medicine followed by Acute Medicine) / Due to the implementation of the new Anaesthetics Curriculum in August 2021, the remainder of this programme will be confirmed with Training Programme Directors upon appointment to the programme","","",""
"X","London - North Central and East London - ACCS - 6","04/08/2021 00:00:00","36","Core Training Year 1","Health Education England London","Health Education England North Central and East London","-","","1","North Central London - CT1 University College Hospital (Acute Medicine followed by Emergency Medicine) / Due to the implementation of the new Anaesthetics Curriculum in August 2021, the remainder of this programme will be confirmed with Training Programme Directors upon appointment to the programme","","",""
"X","London - North Central and East London - ACCS - 7","04/08/2021 00:00:00","36","Core Training Year 1","Health Education England London","Health Education England North Central and East London","-","","1","North East London - CT1 Royal London Hospital (Emergency Medicine followed by Acute Medicine) / CT2 to CT4 Years To Be Confirmed -Due to the implementation of the new Anaesthetics Curriculum in August 2021, the remainder of this programme will be confirmed at a later date","","",""
"X","London - North Central and East London - ACCS - 8","04/08/2021 00:00:00","36","Core Training Year 1","Health Education England London","Health Education England North Central and East London","-","","1","North East London - CT1 Royal London Hospital (Acute Medicine followed by Emergency Medicine) /  CT2 to CT4  Years To Be Confirmed - Due to the implementation of the new Anaesthetics Curriculum in August 2021, the remainder of this programme will be confirmed at a later date","","",""
"X","London - North Central and East London - ACCS - 9","04/08/2021 00:00:00","36","Core Training Year 1","Health Education England London","Health Education England North Central and East London","-","","1","North East London - CT1 Homerton Hospital (Emergency Medicine followed by Acute Medicine) / CT2 to CT4 Years To Be Confirmed - Due to the implementation of the new Anaesthetics Curriculum in August 2021, the remainder of this programme will be confirmed at a later date","","",""
"X","London - North Central and East London - Core - 17","04/08/2021 00:00:00","24","Core Training Year 1","Health Education England London","Health Education England North Central and East London","-","","2","London North East - CT1 Newham University Hospital / CT2 to CT3 Years To Be Confirmed - Due to the implementation of the new Anaesthetics Curriculum in August 2021, the remainder of this programme will be confirmed at a later date","","",""
"X","London - North Central and East London - Core - 18","04/08/2021 00:00:00","24","Core Training Year 1","Health Education England London","Health Education England North Central and East London","-","","2","London North East - CT1 Homerton Hospital / CT2 to CT3 Years To Be Confirmed - Due to the implementation of the new Anaesthetics Curriculum in August 2021, the remainder of this programme will be confirmed at a later date","","",""
"X","London - North Central and East London - Core - 19","04/08/2021 00:00:00","24","Core Training Year 1","Health Education England London","Health Education England North Central and East London","-","","5","London North East - CT1 Whipps Cross Hospital / CT2 to CT3 Years To Be Confirmed - Due to the implementation of the new Anaesthetics Curriculum in August 2021, the remainder of this programme will be confirmed at a later date","","",""
"X","London - North Central and East London - Core - 20","04/08/2021 00:00:00","24","Core Training Year 1","Health Education England London","Health Education England North Central and East London","-","","6","London North East - CT1 Queen's Hospital, Romford / CT2 to CT3 Years To Be Confirmed Due to the implementation of the new Anaesthetics Curriculum in August 2021, the remainder of this programme will be confirmed at a later date","","",""
"X","London - North Central and East London - Core -1","04/08/2021 00:00:00","24","Core Training Year 1","Health Education England London","Health Education England North Central and East London","-","","1","London North Central - CT1 Royal Free Hospital / Due to the implementation of the new Anaesthetics Curriculum in August 2021, the remainder of this programme will be confirmed with Training Programme Directors upon appointment to the programme","","",""
"X","London - North Central and East London - Core -10","04/08/2021 00:00:00","24","Core Training Year 1","Health Education England London","Health Education England North Central and East London","-","","1","London North Central - CT1 University College Hospital / Due to the implementation of the new Anaesthetics Curriculum in August 2021, the remainder of this programme will be confirmed with Training Programme Directors upon appointment to the programme","","",""
"X","London - North Central and East London - Core -11","04/08/2021 00:00:00","24","Core Training Year 1","Health Education England London","Health Education England North Central and East London","-","","1","London North Central - CT1 University College Hospital / Due to the implementation of the new Anaesthetics Curriculum in August 2021, the remainder of this programme will be confirmed with Training Programme Directors upon appointment to the programme","","",""
"X","London - North Central and East London - Core -12","04/08/2021 00:00:00","24","Core Training Year 1","Health Education England London","Health Education England North Central and East London","-","","1","London North Central - CT1 University College Hospital / Due to the implementation of the new Anaesthetics Curriculum in August 2021, the remainder of this programme will be confirmed with Training Programme Directors upon appointment to the programme","","",""
"X","London - North Central and East London - Core -13","04/08/2021 00:00:00","24","Core Training Year 1","Health Education England London","Health Education England North Central and East London","-","","1","London North Central - CT1 University College Hospital / Due to the implementation of the new Anaesthetics Curriculum in August 2021, the remainder of this programme will be confirmed with Training Programme Directors upon appointment to the programme","","",""
"X","London - North Central and East London - Core -14","04/08/2021 00:00:00","24","Core Training Year 1","Health Education England London","Health Education England North Central and East London","-","","1","London North Central - CT1 University College Hospital / Due to the implementation of the new Anaesthetics Curriculum in August 2021, the remainder of this programme will be confirmed with Training Programme Directors upon appointment to the programme","","",""
"X","London - North Central and East London - Core -15","04/08/2021 00:00:00","24","Core Training Year 1","Health Education England London","Health Education England North Central and East London","-","","1","London North Central - CT1 University College Hospital / Due to the implementation of the new Anaesthetics Curriculum in August 2021, the remainder of this programme will be confirmed with Training Programme Directors upon appointment to the programme","","",""
"X","London - North Central and East London - Core -16","04/08/2021 00:00:00","24","Core Training Year 1","Health Education England London","Health Education England North Central and East London","-","","1","London North Central - CT1 University College Hospital / Due to the implementation of the new Anaesthetics Curriculum in August 2021, the remainder of this programme will be confirmed with Training Programme Directors upon appointment to the programme","","",""
"X","London - North Central and East London - Core -2","04/08/2021 00:00:00","24","Core Training Year 1","Health Education England London","Health Education England North Central and East London","-","","1","London North Central - CT1 Royal Free Hospital / Due to the implementation of the new Anaesthetics Curriculum in August 2021, the remainder of this programme will be confirmed with Training Programme Directors upon appointment to the programme","","",""
"X","London - North Central and East London - Core -3","04/08/2021 00:00:00","24","Core Training Year 1","Health Education England London","Health Education England North Central and East London","-","","1","London North Central - CT1 Royal Free Hospital / Due to the implementation of the new Anaesthetics Curriculum in August 2021, the remainder of this programme will be confirmed with Training Programme Directors upon appointment to the programme","","",""
"X","London - North Central and East London - Core -4","04/08/2021 00:00:00","24","Core Training Year 1","Health Education England London","Health Education England North Central and East London","-","","1","London North Central - CT1 Royal Free Hospital / Due to the implementation of the new Anaesthetics Curriculum in August 2021, the remainder of this programme will be confirmed with Training Programme Directors upon appointment to the programme","","",""
"X","London - North Central and East London - Core -5","04/08/2021 00:00:00","24","Core Training Year 1","Health Education England London","Health Education England North Central and East London","-","","1","London North Central - CT1 Royal Free Hospital / Due to the implementation of the new Anaesthetics Curriculum in August 2021, the remainder of this programme will be confirmed with Training Programme Directors upon appointment to the programme","","",""
"X","London - North Central and East London - Core -6","04/08/2021 00:00:00","24","Core Training Year 1","Health Education England London","Health Education England North Central and East London","-","","1","London North Central - CT1 Royal Free Hospital / Due to the implementation of the new Anaesthetics Curriculum in August 2021, the remainder of this programme will be confirmed with Training Programme Directors upon appointment to the programme","","",""
"X","London - North Central and East London - Core -7","04/08/2021 00:00:00","24","Core Training Year 1","Health Education England London","Health Education England North Central and East London","-","","1","London North Central - CT1 Royal Free Hospital / Due to the implementation of the new Anaesthetics Curriculum in August 2021, the remainder of this programme will be confirmed with Training Programme Directors upon appointment to the programme","","",""
"X","London - North Central and East London - Core -8","04/08/2021 00:00:00","24","Core Training Year 1","Health Education England London","Health Education England North Central and East London","-","","1","London North Central - CT1 Royal Free Hospital / Due to the implementation of the new Anaesthetics Curriculum in August 2021, the remainder of this programme will be confirmed with Training Programme Directors upon appointment to the programme","","",""
"X","London - North Central and East London - Core -9","04/08/2021 00:00:00","24","Core Training Year 1","Health Education England London","Health Education England North Central and East London","-","","1","London North Central - CT1 University College Hospital / Due to the implementation of the new Anaesthetics Curriculum in August 2021, the remainder of this programme will be confirmed with Training Programme Directors upon appointment to the programme","","",""
"X","London - North West London - ACCS - 1","04/08/2021 00:00:00","36","Core Training Year 1","Health Education England London","Health Education England North West London","-","","1","North West London - CT1 Charing Cross Hospital (Emergency Medicine FOLLOWED BY Acute Medicine) / Due to the implementation of the new Anaesthetics Curriculum in August 2021, the remainder of this programme will be confirmed with Training Programme Directors upon appointment to the programme","","",""
"X","London - North West London - ACCS - 2","04/08/2021 00:00:00","36","Core Training Year 1","Health Education England London","Health Education England North West London","-","","1","North West London - CT1 Charing Cross Hospital (Acute Medicine FOLLOWED BY Emergency Medicine) / Due to the implementation of the new Anaesthetics Curriculum in August 2021, the remainder of this programme will be confirmed with Training Programme Directors upon appointment to the programme","","",""
"X","London - North West London - ACCS - 3","04/08/2021 00:00:00","36","Core Training Year 1","Health Education England London","Health Education England North West London","-","","1","North West London - CT1 St Mary's Hospital (Emergency Medicine) FOLLOWED BY Ealing Hospital (Acute Medicine) / Due to the implementation of the new Anaesthetics Curriculum in August 2021, the remainder of this programme will be confirmed with Training Programme Directors upon appointment to the programme","","",""
"X","London - North West London - ACCS - 4","04/08/2021 00:00:00","36","Core Training Year 1","Health Education England London","Health Education England North West London","-","","1","North West London - CT1 Ealing Hospital (Acute Medicine) FOLLOWED BY St Mary's Hospital (Emergency Medicine) / Due to the implementation of the new Anaesthetics Curriculum in August 2021, the remainder of this programme will be confirmed with Training Programme Directors upon appointment to the programme","","",""
"X","London - North West London - ACCS - 5","04/08/2021 00:00:00","36","Core Training Year 1","Health Education England London","Health Education England North West London","-","","1","North West London - CT1 Northwick Park Hospital (Emergency Medicine FOLLOWED BY Acute Medicine) / Due to the implementation of the new Anaesthetics Curriculum in August 2021, the remainder of this programme will be confirmed with Training Programme Directors upon appointment to the programme","","",""
"X","London - North West London - ACCS - 6","04/08/2021 00:00:00","36","Core Training Year 1","Health Education England London","Health Education England North West London","-","","1","North West London - CT1 Northwick Park Hospital (Acute Medicine FOLLOWED BY Emergency Medicine) / Due to the implementation of the new Anaesthetics Curriculum in August 2021, the remainder of this programme will be confirmed with Training Programme Directors upon appointment to the programme","","",""
"X","London - North West London - ACCS - 7","04/08/2021 00:00:00","36","Core Training Year 1","Health Education England London","Health Education England North West London","-","","1","North West London - CT1 Hillingdon Hospital (Emergency Medicine FOLLOWED BY Acute Medicine) / Due to the implementation of the new Anaesthetics Curriculum in August 2021, the remainder of this programme will be confirmed with Training Programme Directors upon appointment to the programme","","",""
"X","London - North West London - ACCS - 8","04/08/2021 00:00:00","36","Core Training Year 1","Health Education England London","Health Education England North West London","-","","1","North West London - CT1 Hillingdon Hospital (Acute Medicine FOLLOWED BY Emergency Medicine)","","",""
"X","London - North West London - Core - 1","04/08/2021 00:00:00","24","Core Training Year 1","Health Education England London","Health Education England North West London","-","","4","London North West - CT1 London North West Healthcare NHS Trust / Due to the implementation of the new Anaesthetics Curriculum in August 2021, the remainder of this programme will be confirmed with Training Programme Directors upon appointment to the programme","","",""
"X","London - North West London - Core - 2","04/08/2021 00:00:00","24","Core Training Year 1","Health Education England London","Health Education England North West London","-","","2","London North West - CT1 Hillingdon Hospital / Due to the implementation of the new Anaesthetics Curriculum in August 2021, the remainder of this programme will be confirmed with Training Programme Directors upon appointment to the programme","","",""
"X","London - North West London - Core - 3","04/08/2021 00:00:00","24","Core Training Year 1","Health Education England London","Health Education England North West London","-","","2","London North West - CT1 Chelsea and Westminster Hospital & Charing Cross Hospital / Due to the implementation of the new Anaesthetics Curriculum in August 2021, the remainder of this programme will be confirmed with Training Programme Directors upon appointment to the programme","","",""
"X","London - North West London - Core - 4","04/08/2021 00:00:00","24","Core Training Year 1","Health Education England London","Health Education England North West London","-","","2","London North West - CT1 West Middlesex University Hospital / Due to the implementation of the new Anaesthetics Curriculum in August 2021, the remainder of this programme will be confirmed with Training Programme Directors upon appointment to the programme","","",""
"X","London - North West London - Core - 5","04/08/2021 00:00:00","24","Core Training Year 1","Health Education England London","Health Education England North West London","-","","1","London North West - CT1 St Mary's Hospital / Due to the implementation of the new Anaesthetics Curriculum in August 2021, the remainder of this programme will be confirmed with Training Programme Directors upon appointment to the programme","","",""
"X","London - North West London - Core - 6","04/08/2021 00:00:00","24","Core Training Year 1","Health Education England London","Health Education England North West London","-","","1","London North West - CT1 Charing Cross Hospital & St Mary's Hospital / Due to the implementation of the new Anaesthetics Curriculum in August 2021, the remainder of this programme will be confirmed with Training Programme Directors upon appointment to the programme","","",""
"X","London - North West London - Core - 7","04/08/2021 00:00:00","24","Core Training Year 1","Health Education England London","Health Education England North West London","-","","2","London North West - CT1 Charing Cross Hospital & Westminster Hospital / Due to the implementation of the new Anaesthetics Curriculum in August 2021, the remainder of this programme will be confirmed with Training Programme Directors upon appointment to the programme","","",""
"X","London - South London - ACCS - 1","04/08/2021 00:00:00","36","Core Training Year 1","Health Education England London","Health Education England South London","-","","2","South East London - CT1 St Thomas' Hospital (Emergency Medicine and Acute Medicine)/Due to the implementation of the new Anaesthetics Curriculum in August 2021, the remainder of this programme will be confirmed with Training Programme Directors upon appointment to the programme","","",""
"X","London - South London - ACCS - 2","04/08/2021 00:00:00","36","Core Training Year 1","Health Education England London","Health Education England South London","-","","2","South East London - CT1King's College Hospital (EmergencyMedicine and Acute Medicine)/Due to the implementation of the new Anaesthetics Curriculum in August 2021, the remainder of this programme will be confirmed with Training Programme Directors upon appointment to the programme","","",""
"X","London - South London - ACCS - 3","04/08/2021 00:00:00","36","Core Training Year 1","Health Education England London","Health Education England South London","-","","2","South East London - CT1University Hospital Lewisham (EmergencyMedicine and Acute Medicine)/Due to the implementation of the new Anaesthetics Curriculum in August 2021, the remainder of this programme will be confirmed with Training Programme Directors upon appointment to the programme","","",""
"X","London - South London - ACCS - 4","04/08/2021 00:00:00","36","Core Training Year 1","Health Education England London","Health Education England South London","-","","1","South East London - CT1Queen Elizabeth Hospital, Woolwich(EmergencyMedicine and Acute Medicine)/Due to the implementation of the new Anaesthetics Curriculum in August 2021, the remainder of this programme will be confirmed with Training Programme Directors upon appointment to the programme","","",""
"X","London - South London - ACCS - 5","04/08/2021 00:00:00","36","Core Training Year 1","Health Education England London","Health Education England South London","-","","1","South East London - CT1Princess Royal University Hospital,Bromley(EmergencyMedicine and Acute Medicine)/Due to the implementation of the new Anaesthetics Curriculum in August 2021, the remainder of this programme will be confirmed with Training Programme Directors upon appointment to the programme","","",""
"X","London - South London - ACCS - 6","04/08/2021 00:00:00","36","Core Training Year 1","Health Education England London","Health Education England South London","-","","1","South West London- CT1 St George's Hospital (Emergency Medicine and Acute Medicine)/Due to the implementation of the new Anaesthetics Curriculum in August 2021, the remainder of this programme will be confirmed with Training Programme Directors upon appointment to programme","","",""
"X","London - South London - ACCS - 7","04/08/2021 00:00:00","36","Core Training Year 1","Health Education England London","Health Education England South London","-","","1","South West London- CT1 Croydon University Hospital (Emergency Medicine and Acute Medicine)/Due to the implementation of the new Anaesthetics Curriculum in August 2021, the remainder of this programme will be confirmed with Training Programme Directors upon appointment to programme","","",""
"X","London - South London - ACCS - 8","04/08/2021 00:00:00","36","Core Training Year 1","Health Education England London","Health Education England South London","-","","1","South West London- CT1St HelierHospital (Emergency Medicine and Acute Medicine)/Due to the implementation of the new Anaesthetics Curriculum in August 2021, the remainder of this programme will be confirmed with Training Programme Directors upon appointment to programme","","",""
"X","London - South London - ACCS - 9","04/08/2021 00:00:00","36","Core Training Year 1","Health Education England London","Health Education England South London","-","","1","South West London- CT1KingstonHospital (Emergency Medicine and Acute Medicine)/Due to the implementation of the new Anaesthetics Curriculum in August 2021, the remainder of this programme will be confirmed with Training Programme Directors upon appointment to programme","","",""
"X","London - South London - Core - 1","04/08/2021 00:00:00","24","Core Training Year 1","Health Education England London","Health Education England South London","-","","1","LondonSouth West- Due to the implementation of the new Anaesthetics Curriculum in August 2021, the full programme will be confirmed with Training Programme Directors upon appointment to the programme","","",""
"X","London - South London - Core - 10","04/08/2021 00:00:00","24","Core Training Year 1","Health Education England London","Health Education England South London","-","","1","LondonSouth East - CT1Princess Royal University Hospital/ Due to the implementation of the new Anaesthetics Curriculum in August 2021, the remainder of this programme will be confirmed with Training Programme Directors upon appointment to the programme","","",""
"X","London - South London - Core - 2","04/08/2021 00:00:00","24","Core Training Year 1","Health Education England London","Health Education England South London","-","","1","LondonSouth West- Due to the implementation of the new Anaesthetics Curriculum in August 2021, the full programme will be confirmed with Training Programme Directors upon appointment to the programme","","",""
"X","London - South London - Core - 3","04/08/2021 00:00:00","24","Core Training Year 1","Health Education England London","Health Education England South London","-","","1","LondonSouth West- CT1Epsom & St Helier University Hospitals NHS Trust/ Due to the implementation of the new Anaesthetics Curriculum in August 2021, the remainder of this programme will be confirmed with Training Programme Directors upon appointment to the programme","","",""
"X","London - South London - Core - 4","04/08/2021 00:00:00","24","Core Training Year 1","Health Education England London","Health Education England South London","-","","1","LondonSouth West- Due to the implementation of the new Anaesthetics Curriculum in August 2021, the full programme will be confirmed with Training Programme Directors upon appointment to the programme","","",""
"X","London - South London - Core - 5","04/08/2021 00:00:00","24","Core Training Year 1","Health Education England London","Health Education England South London","-","","1","LondonSouth West- CT1Croydon University Hospital/ Due to the implementation of the new Anaesthetics Curriculum in August 2021, the remainder of this programme will be confirmed with Training Programme Directors upon appointment to the programme","","",""
"X","London - South London - Core - 6","04/08/2021 00:00:00","24","Core Training Year 1","Health Education England London","Health Education England South London","-","","4","LondonSouth East - CT1Guy's & St Thomas' NHS Foundation Trust/ Due to the implementation of the new Anaesthetics Curriculum in August 2021, the remainder of this programme will be confirmed with Training Programme Directors upon appointment to the programme","","",""
"X","London - South London - Core - 7","04/08/2021 00:00:00","24","Core Training Year 1","Health Education England London","Health Education England South London","-","","3","LondonSouth East - CT1QueenElizabeth Hospital, Woolwich/ Due to the implementation of the new Anaesthetics Curriculum in August 2021, the remainder of this programme will be confirmed with Training Programme Directors upon appointment to the programme","","",""
"X","London - South London - Core - 8","04/08/2021 00:00:00","24","Core Training Year 1","Health Education England London","Health Education England South London","-","","1","LondonSouth East - CT1University Hospital, Lewisham/ Due to the implementation of the new Anaesthetics Curriculum in August 2021, the remainder of this programme will be confirmed with Training Programme Directors upon appointment to the programme","","",""
"X","London - South London - Core - 9","04/08/2021 00:00:00","24","Core Training Year 1","Health Education England London","Health Education England South London","-","","1","LondonSouth East - CT1King's College Hospital/ Due to the implementation of the new Anaesthetics Curriculum in August 2021, the remainder of this programme will be confirmed with Training Programme Directors upon appointment to the programme","","",""
"X","North East - North East and Cumbria - ACCS","04/08/2021 00:00:00","36","Core Training Year 1","Health Education England North East","-","-","","22","6 monthly rotations in hospitals across North East and Cumbria","","",""
"X","North East - North East and Cumbria - Core","04/08/2021 00:00:00","24","Core Training Year 1","Health Education England North East","-","-","","2","6 monthly rotations in hospitals across North East and Cumbria","","",""
"X","North West - Cheshire and Merseyside - ACCS","04/08/2021 00:00:00","36","Core Training Year 1","Health Education England North West","Health Education England North West - Cheshire and Merseyside","-","","0","ACCS training in the Mersey region. Please refer to the following web site link for further details https://www.nwpgmd.nhs.uk/Specialty_Schools/ACCS","","",""
"X","North West - Cheshire and Merseyside - ACCS - 1","04/08/2021 00:00:00","36","Core Training Year 1","Health Education England North West","Health Education England North West - Cheshire and Merseyside","-","","1","Royal Liverpool 24/12 - For further information please visit https://www.nwpgmd.nhs.uk/Specialty_Schools/Anaesthetics","","",""
"X","North West - Cheshire and Merseyside - ACCS - 2","04/08/2021 00:00:00","36","Core Training Year 1","Health Education England North West","Health Education England North West - Cheshire and Merseyside","-","","1","Royal Liverpool 24/12 - For further information please visit https://www.nwpgmd.nhs.uk/Specialty_Schools/Anaesthetics","","",""
"X","North West - Cheshire and Merseyside - ACCS - 3","04/08/2021 00:00:00","36","Core Training Year 1","Health Education England North West","Health Education England North West - Cheshire and Merseyside","-","","1","Whiston 24/12 - For further information please visit https://www.nwpgmd.nhs.uk/Specialty_Schools/Anaesthetics","","",""
"X","North West - Cheshire and Merseyside - ACCS - 4","04/08/2021 00:00:00","36","Core Training Year 1","Health Education England North West","Health Education England North West - Cheshire and Merseyside","-","","1","Whiston 24/12 - For further information please visit https://www.nwpgmd.nhs.uk/Specialty_Schools/Anaesthetics","","",""
"X","North West - Cheshire and Merseyside - Core","04/08/2021 00:00:00","24","Core Training Year 1","Health Education England North West","Health Education England North West - Cheshire and Merseyside","-","","20","CT1 Anaesthetics training in the Mersey region. Please refer to the following web site link for further details https://www.nwpgmd.nhs.uk/Specialty_Schools/Anaesthetics","","",""
"X","North West - Greater Manchester, Lancashire and South Cumbria - ACCS","04/08/2021 00:00:00","36","Core Training Year 1","Health Education England North West","Health Education England North West - Greater Manchester, Lancashire and South Cumbria","-","","0","ACCS training in the Greater Manchester and Lancashire region. Please refer to the following web site link for further details https://www.nwpgmd.nhs.uk/Specialty_Schools/ACCS","","",""
"X","North West - Greater Manchester, Lancashire and South Cumbria - ACCS- 1","04/08/2021 00:00:00","36","Core Training Year 1","Health Education England North West","Health Education England North West - Greater Manchester, Lancashire and South Cumbria","-","","1","Lancaster 24/12 - For further information please visit https://www.nwpgmd.nhs.uk/Specialty_Schools/Anaesthetics","","",""
"X","North West - Greater Manchester, Lancashire and South Cumbria - ACCS- 10","04/08/2021 00:00:00","36","Core Training Year 1","Health Education England North West","Health Education England North West - Greater Manchester, Lancashire and South Cumbria","-","","1","Preston 24/12 - For further information please visit https://www.nwpgmd.nhs.uk/Specialty_Schools/Anaesthetics","","",""
"X","North West - Greater Manchester, Lancashire and South Cumbria - ACCS- 11","04/08/2021 00:00:00","36","Core Training Year 1","Health Education England North West","Health Education England North West - Greater Manchester, Lancashire and South Cumbria","-","","1","Wigan 24/12 - For further information please visit https://www.nwpgmd.nhs.uk/Specialty_Schools/Anaesthetics","","",""
"X","North West - Greater Manchester, Lancashire and South Cumbria - ACCS- 12","04/08/2021 00:00:00","36","Core Training Year 1","Health Education England North West","Health Education England North West - Greater Manchester, Lancashire and South Cumbria","-","","1","Oldham 12/12, Manchester Royal Infirmary 12/12 - For further information please visit https://www.nwpgmd.nhs.uk/Specialty_Schools/Anaesthetics","","",""
"X","North West - Greater Manchester, Lancashire and South Cumbria - ACCS- 13","04/08/2021 00:00:00","36","Core Training Year 1","Health Education England North West","Health Education England North West - Greater Manchester, Lancashire and South Cumbria","-","","1","Stockport 24/12 - For further information please visit https://www.nwpgmd.nhs.uk/Specialty_Schools/Anaesthetics","","",""
"X","North West - Greater Manchester, Lancashire and South Cumbria - ACCS- 14","04/08/2021 00:00:00","36","Core Training Year 1","Health Education England North West","Health Education England North West - Greater Manchester, Lancashire and South Cumbria","-","","1","Bolton 24/12 - For further information please visit https://www.nwpgmd.nhs.uk/Specialty_Schools/Anaesthetics","","",""
"X","North West - Greater Manchester, Lancashire and South Cumbria - ACCS- 15","04/08/2021 00:00:00","36","Core Training Year 1","Health Education England North West","Health Education England North West - Greater Manchester, Lancashire and South Cumbria","-","","1","Blackpool 12/12, Preston 12/12 - For further information please visit https://www.nwpgmd.nhs.uk/Specialty_Schools/Anaesthetics","","",""
"X","North West - Greater Manchester, Lancashire and South Cumbria - ACCS- 2","04/08/2021 00:00:00","36","Core Training Year 1","Health Education England North West","Health Education England North West - Greater Manchester, Lancashire and South Cumbria","-","","1","Chorley 6/12, Preston 18/12 - For further information please visit https://www.nwpgmd.nhs.uk/Specialty_Schools/Anaesthetics","","",""
"X","North West - Greater Manchester, Lancashire and South Cumbria - ACCS- 3","04/08/2021 00:00:00","36","Core Training Year 1","Health Education England North West","Health Education England North West - Greater Manchester, Lancashire and South Cumbria","-","","1","Manchester Royal Infirmary 24/12 - For further information please visit https://www.nwpgmd.nhs.uk/Specialty_Schools/Anaesthetics","","",""
"X","North West - Greater Manchester, Lancashire and South Cumbria - ACCS- 4","04/08/2021 00:00:00","36","Core Training Year 1","Health Education England North West","Health Education England North West - Greater Manchester, Lancashire and South Cumbria","-","","1","Salford Royal 24/12 - For further information please visit https://www.nwpgmd.nhs.uk/Specialty_Schools/Anaesthetics","","",""
"X","North West - Greater Manchester, Lancashire and South Cumbria - ACCS- 5","04/08/2021 00:00:00","36","Core Training Year 1","Health Education England North West","Health Education England North West - Greater Manchester, Lancashire and South Cumbria","-","","1","North Manchester 6/12, Oldham 12/12, North Manchester 6/12 - For further information please visit https://www.nwpgmd.nhs.uk/Specialty_Schools/Anaesthetics","","",""
"X","North West - Greater Manchester, Lancashire and South Cumbria - ACCS- 6","04/08/2021 00:00:00","36","Core Training Year 1","Health Education England North West","Health Education England North West - Greater Manchester, Lancashire and South Cumbria","-","","1","Manchester Royal Infirmary 24/12 - For further information please visit https://www.nwpgmd.nhs.uk/Specialty_Schools/Anaesthetics","","",""
"X","North West - Greater Manchester, Lancashire and South Cumbria - ACCS- 7","04/08/2021 00:00:00","36","Core Training Year 1","Health Education England North West","Health Education England North West - Greater Manchester, Lancashire and South Cumbria","-","","1","Manchester Royal Infirmary 24/12 - For further information please visit https://www.nwpgmd.nhs.uk/Specialty_Schools/Anaesthetics","","",""
"X","North West - Greater Manchester, Lancashire and South Cumbria - ACCS- 8","04/08/2021 00:00:00","36","Core Training Year 1","Health Education England North West","Health Education England North West - Greater Manchester, Lancashire and South Cumbria","-","","1","Wythenshawe 24/12 - For further information please visit https://www.nwpgmd.nhs.uk/Specialty_Schools/Anaesthetics","","",""
"X","North West - Greater Manchester, Lancashire and South Cumbria - ACCS- 9","04/08/2021 00:00:00","36","Core Training Year 1","Health Education England North West","Health Education England North West - Greater Manchester, Lancashire and South Cumbria","-","","1","Blackburn 24/12 - For further information please visit https://www.nwpgmd.nhs.uk/Specialty_Schools/Anaesthetics","","",""
"X","North West - Greater Manchester, Lancashire and South Cumbria - Core","04/08/2021 00:00:00","24","Core Training Year 1","Health Education England North West","Health Education England North West - Greater Manchester, Lancashire and South Cumbria","-","","18","CT1 Anaesthetics training in the Greater Manchester and Lancashire region. Please refer to the following web site link for further details https://www.nwpgmd.nhs.uk/Specialty_Schools/Anaesthetics","","",""
"X","South West Peninsula - Cornwall - ACCS","04/08/2021 00:00:00","36","Core Training Year 1","Health Education England South West","Health Education England South West - Peninsula","-","","5","ACCS Anaesthesia Post for Three years.","","",""
"X","South West Peninsula - Cornwall - Core","04/08/2021 00:00:00","24","Core Training Year 1","Health Education England South West","Health Education England South West - Peninsula","-","","2","Core Anaesthesia Post for Two years.","","",""
"X","South West Peninsula - Exeter - ACCS","04/08/2021 00:00:00","36","Core Training Year 1","Health Education England South West","Health Education England South West - Peninsula","-","","3","ACCS Anaesthesia Post for Three years.","","",""
"X","South West Peninsula - Exeter - Core","04/08/2021 00:00:00","24","Core Training Year 1","Health Education England South West","Health Education England South West - Peninsula","-","","1","Core Anaesthesia Post for Two years.","","",""
"X","South West Peninsula - North Devon - ACCS","04/08/2021 00:00:00","36","Core Training Year 1","Health Education England South West","Health Education England South West - Peninsula","-","","2","ACCS Anaesthesia Post for Three years.","","",""
"X","South West Peninsula - North Devon - Core","04/08/2021 00:00:00","24","Core Training Year 1","Health Education England South West","Health Education England South West - Peninsula","-","","2","Core Anaesthesia Post for Two years.","","",""
"X","South West Peninsula - Plymouth - ACCS","04/08/2021 00:00:00","36","Core Training Year 1","Health Education England South West","Health Education England South West - Peninsula","-","","4","ACCS Anaesthesia Post for Three years.","","",""
"X","South West Peninsula - Plymouth - Core","04/08/2021 00:00:00","24","Core Training Year 1","Health Education England South West","Health Education England South West - Peninsula","-","","0","Core Anaesthesia Post for Two years.","","",""
"X","South West Peninsula - Taunton - ACCS","04/08/2021 00:00:00","36","Core Training Year 1","Health Education England South West","Health Education England South West - Peninsula","-","","2","ACCS Anaesthesia Post for Three years.","","",""
"X","South West Peninsula - Taunton - Core","04/08/2021 00:00:00","24","Core Training Year 1","Health Education England South West","Health Education England South West - Peninsula","-","","3","Core Anaesthesia Post for Two years.","","",""
"X","South West Peninsula - Torbay - ACCS","04/08/2021 00:00:00","36","Core Training Year 1","Health Education England South West","Health Education England South West - Peninsula","-","","3","ACCS Anaesthesia Post for Three years.","","",""
"X","South West Peninsula - Torbay - Core","04/08/2021 00:00:00","24","Core Training Year 1","Health Education England South West","Health Education England South West - Peninsula","-","","2","Core Anaesthesia Post for Two years.","","",""
"X","South West Severn -  Gloucestershire Hospitals - ACCS","04/08/2021 00:00:00","36","Core Training Year 1","Health Education England South West","Health Education England South West - Severn","-","","6","In the 1st 2 years you will spend 6 months in each of the following specialties, Intensive Care Medicine, Anaesthetics, Acute Medicine and Emergency Medicine based in either of the Gloucestershire Hospitals, year 3 in the Severn footprint, exact location TBC.","","",""
"X","South West Severn - Gloucestershire - Core","04/08/2021 00:00:00","24","Core Training Year 1","Health Education England South West","Health Education England South West - Severn","-","","1","Severn Core Anaesthetics - Gloucestershire Hospitals NHS Foundation Trust (24 months)","","",""
"X","South West Severn - North Bristol NHS Foundation Trust - ACCS","04/08/2021 00:00:00","36","Core Training Year 1","Health Education England South West","Health Education England South West - Severn","-","","2","In the 1st 2 years you will spend 6 months in each of the following specialties, Intensive Care Medicine, Anaesthetics, Acute Medicine and Emergency Medicine based in Southmead Hospital Bristol, year 3 in the Severn footprint, exact location TBC.","","",""
"X","South West Severn - Royal United Hospital Bath - ACCS","04/08/2021 00:00:00","36","Core Training Year 1","Health Education England South West","Health Education England South West - Severn","-","","2","In the 1st 2 years you will spend 6 months in each of the following specialties, Intensive Care Medicine, Anaesthetics, Acute Medicine and Emergency Medicine based in Bath, year 3 in the Severn footprint, exact location TBC.","","",""
"X","South West Severn - The Great Western Hospital Swindon - ACCS","04/08/2021 00:00:00","36","Core Training Year 1","Health Education England South West","Health Education England South West - Severn","-","","1","In the 1st 2 years you will spend 6 months in each of the following specialties, Intensive Care Medicine, Anaesthetics, Acute Medicine and Emergency Medicine based in Swindon, year 3 in the Severn footprint, exact location TBC.","","",""
"X","South West Severn - University Hospital Bristol NHS Trust and Weston - ACCS","04/08/2021 00:00:00","36","Core Training Year 1","Health Education England South West","Health Education England South West - Severn","-","","4","In the 1st 2 years you will spend 6 months in each of the following specialties, Intensive Care Medicine, Anaesthetics, Acute Medicine and Emergency Medicine based in Bristol or Weston, year 3 in the Severn footprint, exact location TBC.","","",""
"X","South West Severn - Yeovil & Bristol (NBT) - Core","04/08/2021 00:00:00","24","Core Training Year 1","Health Education England South West","Health Education England South West - Severn","-","","2","Severn Core Anaesthetics - Yeovil District Hospital and Southmead Hospital (24 months)","","",""
"X","Thames Valley-Berkshire-ACCS","04/08/2021 00:00:00","36","Core Training Year 1","Health Education England Thames Valley","-","-","","1","Year 1 - Royal Berkshire NHS Foundation Trust (Royal Berkshire Hospital) Acute Medicine 6 months, Oxford University Hospitals NHS Foundation Trust (John Radcliffe Hospital) Emergency Medicine 6 Months. Year 2 - Royal Berkshire NHS Foundation Trust (Royal Berkshire Hospital Anaesthetics / ITU. Year 3 - TBC","","",""
"X","Thames Valley-Berkshire-Core","04/08/2021 00:00:00","24","Core Training Year 1","Health Education England Thames Valley","-","Berkshire Scheme","","1","Year 1 - Royal Berkshire NHS Foundation Trust (Royal Berkshire Hospital). Year 2 TBC","","",""
"X","Thames Valley-Buckinghamshire- ACCS","04/08/2021 00:00:00","36","Core Training Year 1","Health Education England Thames Valley","-","-","","1","Year 1 - Buckinghamshire Healthcare NHS Trust (Stoke Mandeville Hospital) Emergency Medicine 6 months, Acute Medicine 6 months. Year 2  - Milton Keynes University Hospital NHS Foundation Trust (Milton Keynes Hospital) Anaesthetics / ITU. Year 3 - TBC","","",""
"X","Thames Valley-Buckinghamshire-Core","04/08/2021 00:00:00","24","Core Training Year 1","Health Education England Thames Valley","-","-","","5","Year 1 - Buckinghamshire Healthcare NHS Trust (Stoke Mandeville Hospital / Wycombe Hospital. Year 2 TBC","","",""
"X","Thames Valley-Milton Keynes -ACCS","04/08/2021 00:00:00","36","Core Training Year 1","Health Education England Thames Valley","-","-","","1","Year 1 - Milton Keynes University Hospital NHS Foundation Trust (Milton Keynes Hospital) Acute Medicine 6 months, Emergency Medicine 6 months. Year 2 - Milton Keynes University Hospital NHS Foundation Trust (Milton Keynes Hospital) Anaesthetics / ITU. Year 3 - TBC.","","",""
"X","Thames Valley-Oxford-ACCS","04/08/2021 00:00:00","36","Core Training Year 1","Health Education England Thames Valley","-","Oxfordshire Scheme","","1","Year 1 - Oxford University Hospitals NHS Foundation Trust ( Horton Hospital) Acute Medicine 6 months, Emergency Medicine 6 months (JR)Year 2 - Frimley Health NHS Foundation Trust (Wexham Park Hospital) Anaesthetics / ITU.Year 3 - TBC.","","",""
"X","Thames Valley-Oxford-Core","04/08/2021 00:00:00","24","Core Training Year 1","Health Education England Thames Valley","-","Banbury","","2","Year 1 - Oxford University Hospitals NHS Foundation Trust  Year 2 TBC","","",""
"X","Wales - North - ACCS - 1","04/08/2021 00:00:00","36","Core Training Year 1","Wales","Wales - North","-","","1","ACCS Anaesthetics - 36 months, Ysbyty Gwynedd, Bangor","","",""
"X","Wales - North - ACCS - 2","04/08/2021 00:00:00","36","Core Training Year 1","Wales","Wales - North","-","","1","ACCS Anaesthetics - 36 months, Wrexham Maelor Hospital, Wrexham","","",""
"X","Wales - North - CT1 - Aug - Core - 1","04/08/2021 00:00:00","24","Core Training Year 1","Wales","Wales - North","-","","1","Core Anaesthetics - 18 months Ysbyty Gwynedd Bangor, 6 months Glan Clwyd Hospital, Rhyl","","",""
"X","Wales - North - CT1 - Aug - Core - 2","04/08/2021 00:00:00","24","Core Training Year 1","Wales","Wales - North","-","","1","Core Anaesthetics - 18 months Ysbyty Gwynedd Bangor, 6 months Glan Clwyd Hospital, Rhyl","","",""
"X","Wales - North - CT1 - Aug - Core - 3","04/08/2021 00:00:00","24","Core Training Year 1","Wales","Wales - North","-","","1","Core Anaesthetics - 18 months Glan Clwyd Hospital, Rhyl, 6 months Ysbyty Gwynedd Bangor","","",""
"X","Wales - North - CT1 - Aug - Core - 4","04/08/2021 00:00:00","24","Core Training Year 1","Wales","Wales - North","-","","1","Core Anaesthetics - 18 months Glan Clwyd Hospital, Rhyl, 6 months Ysbyty Gwynedd Bangor","","",""
"X","Wales - North - CT1 - Aug - Core - 5","04/08/2021 00:00:00","24","Core Training Year 1","Wales","Wales - North","-","","1","Core Anaesthetics - 24 months Wrexham Maelor Hospital","","",""
"X","Wales - South - ACCS - 1","04/08/2021 00:00:00","36","Core Training Year 1","Wales","Wales - South","-","","1","ACCS Anaesthetics - 36 months Aneurin Bevan University Health Board","","",""
"X","Wales - South - ACCS - 2","04/08/2021 00:00:00","36","Core Training Year 1","Wales","Wales - South","-","","1","ACCS Anaesthetics - 36 months Aneurin Bevan University Health Board","","",""
"X","Wales - South - ACCS - 3","04/08/2021 00:00:00","36","Core Training Year 1","Wales","Wales - South","-","","1","ACCS Anaesthetics - 36 months Aneurin Bevan University Health Board","","",""
"X","Wales - South - ACCS - 4","04/08/2021 00:00:00","36","Core Training Year 1","Wales","Wales - South","-","","1","ACCS Anaesthetics - 36 months Aneurin Bevan University Health Board","","",""
"X","Wales - South - ACCS - 5","04/08/2021 00:00:00","36","Core Training Year 1","Wales","Wales - South","-","","1","ACCS Anaesthetics - 36 months, UHW, Cardiff and Vale Health Board","","",""
"X","Wales - South - ACCS - 6","04/08/2021 00:00:00","36","Core Training Year 1","Wales","Wales - South","-","","1","ACCS Anaesthetics - 36 months, UHW, Cardiff and Vale Health Board","","",""
"X","Wales - South - ACCS - 7","04/08/2021 00:00:00","36","Core Training Year 1","Wales","Wales - South","-","","1","ACCS Anaesthetics - 36 months, Morriston Hospital, Swansea","","",""
"X","Wales - South - ACCS - 8","04/08/2021 00:00:00","36","Core Training Year 1","Wales","Wales - South","-","","1","ACCS Anaesthetics - 36 months, Morriston Hospital, Swansea","","",""
"X","Wales - South - CT1 - Aug - Core - 10","04/08/2021 00:00:00","24","Core Training Year 1","Wales","Wales - South","-","","1","Core Anaesthetics - 24 months UHW Cardiff","","",""
"X","Wales - South - CT1 - Aug - Core - 11","04/08/2021 00:00:00","24","Core Training Year 1","Wales","Wales - South","-","","1","Core Anaesthetics - 24 months Cwm Taf Health Board","","",""
"X","Wales - South - CT1 - Aug - Core - 12","04/08/2021 00:00:00","24","Core Training Year 1","Wales","Wales - South","-","","1","Core Anaesthetics - 24 months Cwm Taf Health Board","","",""
"X","Wales - South - CT1 - Aug - Core - 13","04/08/2021 00:00:00","24","Core Training Year 1","Wales","Wales - South","-","","1","Core Anaesthetics - 24 months Cwm Taf Health Board","","",""
"X","Wales - South - CT1 - Aug - Core - 14","04/08/2021 00:00:00","24","Core Training Year 1","Wales","Wales - South","-","","1","Core Anaesthetics - 24 months Glangwili Hospital, Carmarthen","","",""
"X","Wales - South - CT1 - Aug - Core - 15","04/08/2021 00:00:00","24","Core Training Year 1","Wales","Wales - South","-","","1","Core Anaesthetics - 24 months Glangwili Hospital, Carmarthen","","",""
"X","Wales - South - CT1 - Aug - Core - 16","04/08/2021 00:00:00","24","Core Training Year 1","Wales","Wales - South","-","","1","Core Anaesthetics - 24 months Glangwili Hospital, Carmarthen","","",""
"X","Wales - South - CT1 - Aug - Core - 17","04/08/2021 00:00:00","24","Core Training Year 1","Wales","Wales - South","-","","1","Core Anaesthetics - 24 months Aneurin Bevan University Health Board","","",""
"X","Wales - South - CT1 - Aug - Core - 18","04/08/2021 00:00:00","24","Core Training Year 1","Wales","Wales - South","-","","1","Core Anaesthetics - 24 months Morriston Hospital, Swansea","","",""
"X","Wales - South - CT1 - Aug - Core - 19","04/08/2021 00:00:00","24","Core Training Year 1","Wales","Wales - South","-","","1","Core Anaesthetics - 24 months Morriston Hospital, Swansea","","",""
"X","Wales - South - CT1 - Aug - Core - 20","04/08/2021 00:00:00","24","Core Training Year 1","Wales","Wales - South","-","","1","Core Anaesthetics - 24 months Morriston Hospital, Swansea","","",""
"X","Wales - South - CT1 - Aug - Core - 21","04/08/2021 00:00:00","24","Core Training Year 1","Wales","Wales - South","-","","1","Core Anaesthetics - 24 months Morriston Hospital, Swansea","","",""
"X","Wales - South - CT1 - Aug - Core - 22","04/08/2021 00:00:00","24","Core Training Year 1","Wales","Wales - South","-","","1","Core Anaesthetics - 24 months Cwm Taf Health Board","","",""
"X","Wales - South - CT1 - Aug - Core - 23","04/08/2021 00:00:00","24","Core Training Year 1","Wales","Wales - South","-","","1","Core Anaesthetics - 24 months Cwm Taf Health Board","","",""
"X","Wales - South - CT1 - Aug - Core - 24","04/08/2021 00:00:00","24","Core Training Year 1","Wales","Wales - South","-","","1","Core Anaesthetics - 18 months UHW Cardiff, 6 months Cwm Taf Health Board","","",""
"X","Wales - South - CT1 - Aug - Core - 6","04/08/2021 00:00:00","24","Core Training Year 1","Wales","Wales - South","-","","1","Core Anaesthetics - 24 months Aneurin Bevan University Health Board","","",""
"X","Wales - South - CT1 - Aug - Core - 7","04/08/2021 00:00:00","24","Core Training Year 1","Wales","Wales - South","-","","1","Core Anaesthetics - 24 months Aneurin Bevan University Health Board","","",""
"X","Wales - South - CT1 - Aug - Core - 8","04/08/2021 00:00:00","24","Core Training Year 1","Wales","Wales - South","-","","1","Core Anaesthetics - 24 months Aneurin Bevan University Health Board","","",""
"X","Wales - South - CT1 - Aug - Core - 9","04/08/2021 00:00:00","24","Core Training Year 1","Wales","Wales - South","-","","1","Core Anaesthetics - 24 months Aneurin Bevan University Health Board","","",""
"X","Wessex - ACCS - 1","04/08/2021 00:00:00","36","Core Training Year 1","Health Education England Wessex","-","-","","1","Wessex - Poole - ACCS - Year 4 location TBC","","",""
"X","Wessex - ACCS - 2","04/08/2021 00:00:00","36","Core Training Year 1","Health Education England Wessex","-","-","","1","Wessex - Portsmouth - ACCS - Year 4 location TBC","","",""
"X","Wessex - ACCS - 3","04/08/2021 00:00:00","36","Core Training Year 1","Health Education England Wessex","-","-","","1","Wessex - Southampton - ACCS - Year 4 location TBC","","",""
"X","Wessex - Core - 1","04/08/2021 00:00:00","36","Core Training Year 1","Health Education England Wessex","-","-","","5","Core Anaesthetics  East Side of the Region","","",""
"X","Wessex - Core - 2","04/08/2021 00:00:00","24","Core Training Year 1","Health Education England Wessex","-","-","","5","Core Anaesthetics  West Side of the Region","","",""
"X","West Midlands  - All Regions- ACCS","04/08/2021 00:00:00","36","Core Training Year 1","Health Education England West Midlands","-","-","","35","You will be arbitrarily placed in a School of Anaesthesia for year 1 based on the hospital you are allocated to. (Birmingham, Warwickshire, Stoke)This placement in a School is purely administrative at this stage and will have no effect on your training. In year 2 you will be allocated to a placement  in the same hospital or geographically close as far as is possible.There is however no guarantee. The hospital in which you are placed in year 2 will dictate which School of Anaesthesia you are allocated to and thus which teaching programme and ARCP panel will apply to you. In year 3 you will join the Core Anaesthesia training programme for a further two years, these placements will again hopefully be within the same School of Anaesthesia that you have been allocated but there is no guarantee and you may be moved to a hospital in another School within the West Midlands region.","","",""
"X","West Midlands - Birmingham School - Core","04/08/2021 00:00:00","24","Core Training Year 1","Health Education England West Midlands","-","-","","4","Birmingham School of Anaesthesia CT1 Core Anaesthetics Please visit http://www.thebsa.info/ for information regarding this school","","",""
"X","West Midlands - Stoke-On-Trent School - Core","04/08/2021 00:00:00","24","Core Training Year 1","Health Education England West Midlands","-","-","","1","Stoke-on-Trent School of Anaesthesia CT1 Core Anaesthetics Please visit http://stokeanaesthesia.org.uk/ for information regarding this school","","",""
"X","West Midlands - Warwickshire School - Core","04/08/2021 00:00:00","24","Core Training Year 1","Health Education England West Midlands","-","-","","0","Warwickshire School Of Anaesthesia CT1 Core Anaesthetics Please visit http://www.wsoa.org.uk/ for information regarding this school","","",""
"X","Yorkshire and the Humber - North & East Yorkshire & Northern Lincolnshire - ACCS","04/08/2021 00:00:00","36","Core Training Year 1","Health Education England Yorkshire and the Humber","-","-","","8","ACCS Anaesthesia post in North/East Yorkshire.  For further details please visit http://www.yorksandhumberdeanery.nhs.uk/anaesthesia/regional_training_programmes/east/","","",""
"X","Yorkshire and the Humber - North & East Yorkshire & Northern Lincolnshire - Core","04/08/2021 00:00:00","24","Core Training Year 1","Health Education England Yorkshire and the Humber","-","-","","0","Core Anaesthesia post in North/East Yorkshire.  For further details visit http://www.yorksandhumberdeanery.nhs.uk/anaesthesia/regional_training_programmes/east/","","",""
"X","Yorkshire and the Humber - South Yorkshire - ACCS","04/08/2021 00:00:00","36","Core Training Year 1","Health Education England Yorkshire and the Humber","-","-","","10","ACCS Anaesthesia post in South Yorkshire.  For further details please visit http://www.yorksandhumberdeanery.nhs.uk/anaesthesia/regional_training_programmes/south/","","",""
"X","Yorkshire and the Humber - South Yorkshire - Core","04/08/2021 00:00:00","24","Core Training Year 1","Health Education England Yorkshire and the Humber","-","-","","0","Core Anaesthesia post in South Yorkshire.  For further details please visit http://www.yorksandhumberdeanery.nhs.uk/anaesthesia/regional_training_programmes/south/","","",""
"X","Yorkshire and the Humber - West Yorkshire - ACCS","04/08/2021 00:00:00","36","Core Training Year 1","Health Education England Yorkshire and the Humber","-","-","","13","ACCS Anaesthesia post in West Yorkshire.  For further details please visit http://www.yorksandhumberdeanery.nhs.uk/anaesthesia/regional_training_programmes/west/","","",""
"X","Yorkshire and the Humber - West Yorkshire - Core","04/08/2021 00:00:00","24","Core Training Year 1","Health Education England Yorkshire and the Humber","-","-","","4","Core Anaesthesia post in West Yorkshire.  For further details please visit http://www.yorksandhumberdeanery.nhs.uk/anaesthesia/regional_training_programmes/west/","","",""
